,Dataset,Classifier,Comb,log_loss_test,recall,f1,auc
0,detailed,random_forest,T,0.5550748775218741,0.8727272727272727,0.8067226890756303,0.7741935483870968
1,detailed,logistic_reg,T,0.5744107599285586,0.7636363636363637,0.7567567567567568,0.7454545454545454
2,detailed,xgboost,T,0.5379500034037302,0.8727272727272727,0.7868852459016392,0.7944281524926686
3,detailed,lightgbm,T,0.5372484305627829,0.8909090909090909,0.7967479674796749,0.8049853372434017
4,simple,lightgbm,T,0.623432,0.648702
5,simple,logistic_reg,T,0.650531,0.625442
6,simple,random_forest,T,0.622994,0.650652
7,simple,xgboost,T,0.621559,0.653014
